model,f1,precision,recall,f1_pa,roc_auc,pr_auc,params,train_s,infer_s
LSTM-VAE,0.6632653056625365,0.9558823529271193,0.5078124999960327,0.928870292381786,0.8790341008008357,0.636152468920389,56554,3.9326469898223877,0.13430285453796387
DDPM-vanilla,0.4088397785868564,0.6981132075339979,0.28906249999774175,0.8705882347872972,0.8214060323816157,0.3788642079183691,80842,21.580302000045776,8.575096607208252
DDPM-masking,0.46078431325346025,0.6184210526234418,0.3671874999971314,0.8392857137884248,0.8145864162604457,0.4156730448586276,82122,21.459463119506836,35.47644066810608
DDPM-selective,0.5306122444394002,0.7647058823416955,0.4062499999968262,0.928870292381786,0.8369766277855152,0.5061763767765322,80842,22.029544591903687,4.035567998886108
